date,product,forecast,split,actual,lag_1,lag_2,lag_3,lag_6,lag_12,roll_mean_3,roll_mean_6,roll_std_3,trend_slope_12,yoy_ratio,month_sin,month_cos,quarter,is_lebaran_window,is_year_end,year_index,fc_error_1,fc_acc_1,hypothetical_po_on_thismonth
2021-01-01,MU-250-40Kg,1700000.0,train,1104730.0,,,,,,,,,,1.0,0.4999999999999999,0.8660254037844387,1,0,0,0,,,853918.0
2021-02-01,MU-250-40Kg,1050000.0,train,1203670.0,1104730.0,,,,,,,,,1.0,0.8660254037844386,0.5000000000000001,1,0,0,0,-0.5388375440152797,1.5388375440152795,931730.0
2021-03-01,MU-250-40Kg,800000.0,train,1523530.0,1203670.0,1104730.0,,,,,,,,1.0,1.0,6.123233995736766e-17,1,1,0,0,0.1276678823930147,0.8723321176069853,878794.0
2021-04-01,MU-250-40Kg,1000000.0,train,1031970.0,1523530.0,1203670.0,1104730.0,,,1277310.0,,218896.08767632188,,1.0,0.8660254037844387,-0.4999999999999998,2,1,0,0,0.4749036776433677,0.5250963223566323,686983.0
2021-05-01,MU-250-40Kg,400000.0,train,319490.0,1031970.0,1523530.0,1203670.0,,,1253056.6666666667,,249473.62692944787,,1.0,0.4999999999999999,-0.8660254037844387,2,0,0,0,0.0309795827398083,0.9690204172601916,242509.0
2021-06-01,MU-250-40Kg,600000.0,train,1131530.0,319490.0,1031970.0,1523530.0,,,958330.0,,605388.4848591026,,1.0,1.2246467991473532e-16,-1.0,2,0,0,0,-0.2519953676171398,1.2519953676171398,912108.0
2021-07-01,MU-250-40Kg,550000.0,train,862150.0,1131530.0,319490.0,1031970.0,1104730.0,,827663.3333333334,1052486.6666666667,442897.449680322,,1.0,-0.4999999999999997,-0.8660254037844388,3,0,0,0,0.4697445052274354,0.5302554947725646,685869.0
2021-08-01,MU-250-40Kg,1200000.0,train,221770.0,862150.0,1131530.0,319490.0,1203670.0,,771056.6666666666,1012056.6666666666,413613.0280024232,,1.0,-0.8660254037844384,-0.5000000000000004,3,0,0,0,0.3620599663631618,0.6379400336368382,164196.0
2021-09-01,MU-250-40Kg,200000.0,train,147560.0,221770.0,862150.0,1131530.0,1523530.0,,738483.3333333334,848406.6666666666,467317.76954587694,,1.0,-1.0,-1.8369701987210294e-16,3,0,0,0,-4.411011408215719,5.411011408215719,112756.0
2021-10-01,MU-250-40Kg,200000.0,train,147510.0,147560.0,221770.0,862150.0,1031970.0,,410493.3333333333,619078.3333333334,392902.1372216412,,1.0,-0.8660254037844386,0.5000000000000001,4,0,0,0,-0.3553808620222282,1.3553808620222283,109751.0
2021-11-01,MU-250-40Kg,200000.0,train,147510.0,147510.0,147560.0,221770.0,319490.0,,172280.0,471668.3333333333,42859.60452454108,,1.0,-0.5000000000000004,0.8660254037844384,4,0,1,0,-0.3558402820147787,1.3558402820147786,112776.0
2021-12-01,MU-250-40Kg,50000.0,train,147510.0,147510.0,147510.0,147560.0,1131530.0,,147526.66666666666,443005.0,28.867514582732586,,1.0,-2.4492935982947064e-16,1.0,4,0,1,0,-0.3558402820147787,1.3558402820147786,103979.0
2022-01-01,MU-250-40Kg,47500.0,train,46192.0,147510.0,147510.0,147510.0,862150.0,1104730.0,147510.0,279001.6666666667,0.008053143963481,-121159.40559440556,1.0,0.4999999999999999,0.8660254037844387,1,0,0,1,0.6610399294963053,0.3389600705036946,34610.0
2022-02-01,MU-250-40Kg,41500.0,train,47477.0,46192.0,147510.0,147510.0,221770.0,1203670.0,113737.33333333331,143008.66666666666,58495.97457375509,-125034.43356643352,0.041812931666561,0.8660254037844386,0.5000000000000001,1,0,0,1,-0.0283165916175961,1.028316591617596,36591.0
2022-03-01,MU-250-40Kg,45300.0,train,53383.0,47477.0,46192.0,147510.0,147560.0,1523530.0,80393.0,113959.83333333331,58128.57793719087,-116960.40209790206,0.039443535188216,1.0,6.123233995736766e-17,1,1,0,1,0.125892537439181,0.874107462560819,34127.0
2022-04-01,MU-250-40Kg,53100.0,train,27263.0,53383.0,47477.0,46192.0,147510.0,1031970.0,49017.333333333336,98263.66666666669,3834.98244238612,-86034.86013986012,0.0350390212204551,0.8660254037844387,-0.4999999999999998,2,1,0,1,0.1514152445535095,0.8485847554464905,18901.0
2022-05-01,MU-250-40Kg,28350.0,train,33682.0,27263.0,53383.0,47477.0,147510.0,319490.0,42707.66666666666,78222.5,13697.57297237035,-68176.82167832165,0.0264184036357646,0.4999999999999999,-0.8660254037844387,2,0,0,1,-0.947694677768404,1.947694677768404,25103.0
2022-06-01,MU-250-40Kg,51100.0,train,49104.0,33682.0,27263.0,53383.0,147510.0,1131530.0,38109.333333333336,59251.16666666666,13611.192465519374,-75431.43006993004,0.1054242699302012,1.2246467991473532e-16,-1.0,2,0,0,1,0.1583041387091028,0.8416958612908972,35166.0
2022-07-01,MU-250-40Kg,50450.0,train,46353.0,49104.0,33682.0,27263.0,46192.0,862150.0,36683.0,42850.16666666666,11225.49869716612,-43183.31818181816,0.0433961096921866,-0.4999999999999997,-0.8660254037844388,3,0,0,1,-0.0406484196806777,1.0406484196806778,36746.0
2022-08-01,MU-250-40Kg,52900.0,train,54590.0,46353.0,49104.0,33682.0,47477.0,221770.0,43046.333333333336,42877.0,8225.57319178492,-15716.146853146847,0.0537644261439424,-0.8660254037844384,-0.5000000000000004,3,0,0,1,-0.0883869436713912,1.088386943671391,42147.0
2022-09-01,MU-250-40Kg,49600.0,train,57733.0,54590.0,46353.0,49104.0,53383.0,147560.0,50015.66666666666,44062.5,4193.494286798273,-11335.475524475516,0.24615592731208,-1.0,-1.8369701987210294e-16,3,0,0,1,0.0309580509250778,0.969041949074922,43586.0
2022-10-01,MU-250-40Kg,48100.0,train,50547.0,57733.0,54590.0,46353.0,27263.0,147510.0,52892.0,44787.5,5876.946741299941,-9038.010489510483,0.3912510165356465,-0.8660254037844386,0.5000000000000001,4,0,0,1,0.1408726378327819,0.8591273621672181,35421.0
2022-11-01,MU-250-40Kg,39400.0,train,46312.0,50547.0,57733.0,54590.0,33682.0,147510.0,54290.0,48668.16666666666,3602.381018170592,-6391.041958041955,0.342668293675005,-0.5000000000000004,0.8660254037844384,4,0,1,1,0.048410390329792,0.951589609670208,34293.0
2022-12-01,MU-250-40Kg,52200.0,train,53588.0,46312.0,50547.0,57733.0,49104.0,147510.0,51530.66666666666,50773.16666666666,5773.691222555075,-3228.895104895103,0.3139583757033422,-2.4492935982947064e-16,1.0,4,0,1,1,0.1492485748833995,0.8507514251166004,39732.0
2023-01-01,MU-250-40Kg,45100.0,train,35697.0,53588.0,46312.0,50547.0,46353.0,46192.0,50149.0,51520.5,3654.291586624743,920.7762237762232,0.3632838451630398,0.4999999999999999,0.8660254037844387,1,0,0,2,0.0259013211913114,0.9740986788086884,27749.0
2023-02-01,MU-250-40Kg,43850.0,train,43928.0,35697.0,53588.0,46312.0,54590.0,47477.0,45199.0,49744.5,8997.279977864262,433.7657342657342,0.7727961551783858,0.8660254037844386,0.5000000000000001,1,0,0,2,-0.2634114911617223,1.2634114911617222,30945.0
2023-03-01,MU-250-40Kg,44800.0,train,51139.0,43928.0,35697.0,53588.0,57733.0,53383.0,44404.333333333336,47967.5,8955.006439607432,395.1328671328679,0.9252480148282326,1.0,6.123233995736766e-17,1,1,0,2,0.0017756328537606,0.9982243671462392,36597.0
2023-04-01,MU-250-40Kg,34100.0,train,16694.0,51139.0,43928.0,35697.0,50547.0,27263.0,43588.0,46868.5,7726.612517790532,927.1188811188808,0.9579641458891408,0.8660254037844387,-0.4999999999999998,2,1,0,2,0.1239562760319912,0.8760437239680088,11202.0
2023-05-01,MU-250-40Kg,54100.0,train,57580.0,16694.0,51139.0,43928.0,46312.0,33682.0,37253.66666666666,41226.333333333336,18166.57783770547,-1037.2832167832155,0.6123317316509556,0.4999999999999999,-0.8660254037844387,2,0,0,2,-1.042650053911585,2.042650053911585,40545.0
2023-06-01,MU-250-40Kg,56100.0,train,53749.0,57580.0,16694.0,51139.0,53588.0,49104.0,41804.333333333336,43104.333333333336,21983.363035109323,-1063.4650349650349,1.709518437147438,1.2246467991473532e-16,-1.0,2,0,0,2,0.0604376519624869,0.939562348037513,42859.0
2023-07-01,MU-250-40Kg,50100.0,train,45923.0,53749.0,57580.0,16694.0,35697.0,46353.0,42674.333333333336,43131.16666666666,22581.019249214834,-703.1118881118869,1.0945951449983709,-0.4999999999999997,-0.8660254037844388,3,0,0,2,-0.0437403486576494,1.0437403486576495,35772.0
2023-08-01,MU-250-40Kg,51800.0,train,61231.0,45923.0,53749.0,57580.0,43928.0,54590.0,52417.333333333336,44835.5,5941.499333788525,-801.2867132867108,0.9907233620261904,-0.8660254037844384,-0.5000000000000004,3,0,0,2,-0.0909566012673388,1.0909566012673388,43580.0
2023-09-01,MU-250-40Kg,50800.0,train,54334.0,61231.0,45923.0,53749.0,51139.0,57733.0,53634.333333333336,47719.333333333336,7654.644167654647,66.72377622377739,1.121652317274226,-1.0,-1.8369701987210294e-16,3,0,0,2,0.1540232888569515,0.8459767111430485,40555.0
2023-10-01,MU-250-40Kg,57750.0,train,59646.0,54334.0,61231.0,45923.0,16694.0,50547.0,53829.333333333336,48251.833333333336,7666.468048156809,765.888111888113,0.9411255261289038,-0.8660254037844386,0.5000000000000001,4,0,0,2,0.0650421467221261,0.9349578532778738,47137.0
2023-11-01,MU-250-40Kg,53700.0,train,65222.0,59646.0,54334.0,61231.0,57580.0,46312.0,58403.66666666666,55410.5,3612.43634316352,1366.4930069930083,1.180010683126595,-0.5000000000000004,0.8660254037844384,4,0,1,2,0.0317875465244945,0.9682124534755054,47792.0
2023-12-01,MU-250-40Kg,52900.0,train,54324.0,65222.0,59646.0,54334.0,53749.0,53588.0,59734.0,56684.16666666666,5444.533405175791,1925.4300699300709,1.4083174987044396,-2.4492935982947064e-16,1.0,4,0,1,2,0.1766581828217472,0.8233418171782527,37937.0
2024-01-01,MU-250-40Kg,48250.0,train,63601.0,54324.0,65222.0,59646.0,45923.0,35697.0,59730.66666666666,56780.0,5449.493309786554,2263.702797202797,1.013734418153318,0.4999999999999999,0.8660254037844387,1,0,0,3,0.0262130918194536,0.9737869081805464,49244.0
2024-02-01,MU-250-40Kg,43300.0,train,58711.0,63601.0,54324.0,65222.0,61231.0,43928.0,61049.0,59726.333333333336,5880.147021977842,2140.409090909092,1.7816903381236515,0.8660254037844386,0.5000000000000001,1,0,0,3,0.2413641294948192,0.7586358705051808,44526.0
2024-03-01,MU-250-40Kg,56400.0,train,50444.0,58711.0,63601.0,54324.0,54334.0,51139.0,58878.66666666666,59306.333333333336,4640.772169952814,2008.0419580419584,1.336527954835185,1.0,6.123233995736766e-17,1,1,0,3,0.2624891417281259,0.7375108582718741,31763.0
2024-04-01,MU-250-40Kg,11800.0,train,30858.0,50444.0,58711.0,63601.0,59646.0,16694.0,57585.333333333336,58658.0,6650.338813429637,1782.1083916083912,0.98640958955005,0.8660254037844387,-0.4999999999999998,2,1,0,3,-0.1180715248592498,1.11807152485925,19199.0
2024-05-01,MU-250-40Kg,63600.0,train,70651.0,30858.0,50444.0,58711.0,65222.0,57580.0,46671.0,53860.0,14304.686260106406,-757.9545454545432,1.848448544387205,0.4999999999999999,-0.8660254037844387,2,0,0,3,0.6176032147255169,0.3823967852744831,49656.0
2024-06-01,MU-250-40Kg,63100.0,train,66432.0,70651.0,30858.0,50444.0,54324.0,53749.0,50651.0,54764.833333333336,19897.307581682413,-8.111888111886902,1.2270059048280653,1.2246467991473532e-16,-1.0,2,0,0,3,0.0998004274532561,0.9001995725467439,49462.0
2024-07-01,MU-250-40Kg,75100.0,train,70058.0,66432.0,70651.0,30858.0,63601.0,45923.0,55980.333333333336,56782.833333333336,21858.60732831369,313.9195804195808,1.2359671807847588,-0.4999999999999997,-0.8660254037844388,3,0,0,3,0.0501565510597302,0.9498434489402696,51996.0
2024-08-01,MU-250-40Kg,66400.0,train,68094.0,70058.0,66432.0,70651.0,58711.0,61231.0,69047.0,57859.0,2283.9835813932286,330.99300699300466,1.5255536441434576,-0.8660254037844384,-0.5000000000000004,3,0,0,3,-0.0719689400211253,1.0719689400211254,49207.0
2024-09-01,MU-250-40Kg,65030.0,train,64860.0,68094.0,70058.0,66432.0,50444.0,54334.0,68194.66666666667,59422.833333333336,1815.0948552093023,799.5699300699303,1.112083748428084,-1.0,-1.8369701987210294e-16,3,0,0,3,0.0248773753928393,0.9751226246071608,50754.0
2024-10-01,MU-250-40Kg,64730.0,train,71838.0,64860.0,68094.0,70058.0,30858.0,59646.0,67670.66666666667,61825.5,2624.730335369204,782.2692307692316,1.1937276843228917,-0.8660254037844386,0.5000000000000001,4,0,0,3,-0.0026210299105766,1.0026210299105769,54680.0
2024-11-01,MU-250-40Kg,60100.0,train,58940.0,71838.0,64860.0,68094.0,70651.0,65222.0,68264.0,68655.5,3492.1048094342627,1201.1993006993018,1.2044059953726989,-0.5000000000000004,0.8660254037844384,4,0,1,3,0.0989448481305158,0.901055151869484,40625.0
2024-12-01,MU-250-40Kg,77700.0,train,60444.0,58940.0,71838.0,64860.0,66432.0,54324.0,65212.66666666666,66703.66666666667,6456.228104195794,1292.2482517482554,0.9036828064150132,-2.4492935982947064e-16,1.0,4,0,1,3,-0.0196810315575161,1.0196810315575162,41900.0
2025-01-01,MU-250-40Kg,44000.0,test,43342.0,60444.0,58940.0,71838.0,70058.0,63601.0,63740.66666666666,65705.66666666667,7052.702271711729,989.7097902097892,1.1126573889993374,0.4999999999999999,0.8660254037844387,1,0,0,4,-0.2854873932896565,1.2854873932896564,33312.0
2025-02-01,MU-250-40Kg,42800.0,test,40641.0,43342.0,60444.0,58940.0,68094.0,58711.0,54242.0,61253.0,9469.583095367798,408.2867132867148,0.6814672725271615,0.8660254037844386,0.5000000000000001,1,0,0,4,-0.0151815790688016,1.0151815790688017,31228.0
2025-03-01,MU-250-40Kg,38740.0,test,21520.0,40641.0,43342.0,60444.0,64860.0,50444.0,48142.333333333336,56677.5,10738.812892187369,-357.6223776223785,0.6922212191923149,1.0,6.123233995736766e-17,1,1,0,4,-0.0531236928225191,1.0531236928225192,13630.0
2025-04-01,MU-250-40Kg,32100.0,test,28407.0,21520.0,40641.0,43342.0,71838.0,30858.0,35167.666666666664,49454.16666666666,11896.131906355571,-2108.363636363636,0.4266116882087067,0.8660254037844387,-0.4999999999999998,2,1,0,4,-0.800185873605948,1.800185873605948,17246.0
2025-05-01,MU-250-40Kg,45200.0,test,50409.0,28407.0,21520.0,40641.0,58940.0,70651.0,30189.33333333333,42215.66666666666,9684.301437554064,-4282.22727272727,0.9205716507874782,0.4999999999999999,-0.8660254037844387,2,0,0,4,-0.1300031682331819,1.130003168233182,37119.0
2025-06-01,MU-250-40Kg,45600.0,test,46394.0,50409.0,28407.0,21520.0,60444.0,66432.0,33445.333333333336,40793.833333333336,15089.141205960372,-3783.947552447551,0.7134930857312706,1.2246467991473532e-16,-1.0,2,0,0,4,0.1033347219742506,0.8966652780257494,33971.0
2025-07-01,MU-250-40Kg,48080.0,test,52492.0,46394.0,50409.0,28407.0,43342.0,70058.0,41736.66666666666,38452.16666666666,11717.084378522244,-3490.3111888111875,0.6983682562620424,-0.4999999999999997,-0.8660254037844388,3,0,0,4,0.0171142820192266,0.9828857179807734,38937.0
2025-08-01,MU-250-40Kg,47600.0,test,42764.0,52492.0,46394.0,50409.0,40641.0,68094.0,49765.0,39977.16666666666,3099.5891663372945,-2657.192307692306,0.7492648948014502,-0.8660254037844384,-0.5000000000000004,3,0,0,4,0.084050902994742,0.915949097005258,31273.0
2025-09-01,MU-250-40Kg,53500.0,test,47133.0,42764.0,52492.0,46394.0,21520.0,64860.0,47216.66666666666,40331.0,4915.900866922484,-2164.6608391608383,0.6280142156430816,-1.0,-1.8369701987210294e-16,3,0,0,4,-0.1130857730801608,1.1130857730801609,35339.0
2025-10-01,MU-250-40Kg,52400.0,test,50209.0,47133.0,42764.0,52492.0,28407.0,71838.0,47463.0,44599.833333333336,4872.388633932628,-1473.9580419580402,0.7266882516188714,-0.8660254037844386,0.5000000000000001,4,0,0,4,-0.1350858209746886,1.1350858209746886,39650.0
2025-11-01,MU-250-40Kg,54900.0,test,57982.0,50209.0,47133.0,42764.0,50409.0,58940.0,46702.0,48233.5,3741.166529316221,-223.80069930069837,0.698919791753668,-0.5000000000000004,0.8660254037844384,4,0,1,4,-0.0436375948535123,1.0436375948535124,39768.0
2025-12-01,MU-250-40Kg,63560.0,test,60667.0,57982.0,50209.0,47133.0,46394.0,60444.0,51774.66666666666,49495.66666666666,5591.393773774887,890.2972027972058,0.983746182558534,-2.4492935982947064e-16,1.0,4,0,1,4,0.0531544272360387,0.9468455727639612,42293.0
2021-01-01,MU-302-50Kg,54660.0,train,66306.0,,,,,,,,,,1.0,0.4999999999999999,0.8660254037844387,1,0,0,0,,,47862.0
2021-02-01,MU-302-50Kg,52800.0,train,50921.0,66306.0,,,,,,,,,1.0,0.8660254037844386,0.5000000000000001,1,0,0,0,0.1756402135553343,0.8243597864446657,38867.0
2021-03-01,MU-302-50Kg,74870.0,train,51084.0,50921.0,66306.0,,,,,,,,1.0,1.0,6.123233995736766e-17,1,1,0,0,-0.0369002965377742,1.0369002965377745,31013.0
2021-04-01,MU-302-50Kg,37700.0,train,45870.0,51084.0,50921.0,66306.0,,,56103.66666666666,,8835.855721622742,,1.0,0.8660254037844387,-0.4999999999999998,2,1,0,0,-0.4656252446950121,1.4656252446950122,30164.0
2021-05-01,MU-302-50Kg,29800.0,train,11110.0,45870.0,51084.0,50921.0,,,49291.66666666666,,2964.370815760622,,1.0,0.4999999999999999,-0.8660254037844387,2,0,0,0,0.1781120558098975,0.8218879441901025,9033.0
2021-06-01,MU-302-50Kg,32500.0,train,35637.0,11110.0,45870.0,51084.0,,,36021.333333333336,,21730.792561094804,,1.0,1.2246467991473532e-16,-1.0,2,0,0,0,-1.6822682268226825,2.682268226822682,26384.0
2021-07-01,MU-302-50Kg,33200.0,train,40676.0,35637.0,11110.0,45870.0,66306.0,,30872.33333333333,43488.0,17863.116646692237,,1.0,-0.4999999999999997,-0.8660254037844388,3,0,0,0,0.0880264893228947,0.9119735106771052,33271.0
2021-08-01,MU-302-50Kg,30850.0,train,45284.0,40676.0,35637.0,11110.0,50921.0,,29141.0,39216.333333333336,15817.25643087321,,1.0,-0.8660254037844384,-0.5000000000000004,3,0,0,0,0.1837938833710296,0.8162061166289704,32647.0
2021-09-01,MU-302-50Kg,46200.0,train,59688.0,45284.0,40676.0,35637.0,51084.0,,40532.333333333336,38276.833333333336,4825.104385744743,,1.0,-1.0,-1.8369701987210294e-16,3,0,0,0,0.3187439272149103,0.6812560727850897,42477.0
2021-10-01,MU-302-50Kg,47700.0,train,37211.0,59688.0,45284.0,40676.0,45870.0,,48549.333333333336,39710.833333333336,9917.703228738656,,1.0,-0.8660254037844386,0.5000000000000001,4,0,0,0,0.2259750703659027,0.7740249296340973,29042.0
2021-11-01,MU-302-50Kg,56900.0,train,4593.0,37211.0,59688.0,45284.0,11110.0,,47394.333333333336,38267.66666666666,11386.132457218877,,1.0,-0.5000000000000004,0.8660254037844384,4,0,1,0,-0.2818790142699739,1.281879014269974,3392.0
2021-12-01,MU-302-50Kg,31800.0,train,2778.0,4593.0,37211.0,59688.0,35637.0,,33830.666666666664,37181.5,27702.612626489456,,1.0,-2.4492935982947064e-16,1.0,4,0,1,0,-11.388417156542564,12.388417156542564,1982.0
2022-01-01,MU-302-50Kg,270000.0,train,259948.0,2778.0,4593.0,37211.0,40676.0,66306.0,14860.666666666666,31705.0,19377.218746077386,-3623.1468531468527,1.0,0.4999999999999999,0.8660254037844387,1,0,0,1,-10.44708423326134,11.44708423326134,188477.0
2022-02-01,MU-302-50Kg,280000.0,train,210933.0,259948.0,2778.0,4593.0,45284.0,50921.0,89106.33333333333,68250.33333333333,147956.00649630057,6233.811188811191,3.9204295237233433,0.8660254037844386,0.5000000000000001,1,0,0,1,-0.0386692723160016,1.0386692723160016,166974.0
2022-03-01,MU-302-50Kg,306000.0,train,241402.0,210933.0,259948.0,2778.0,59688.0,51084.0,157886.33333333334,95858.5,136545.09825817012,12152.11888111888,4.142357769878832,1.0,6.123233995736766e-17,1,1,0,1,-0.3274357260362295,1.3274357260362295,158231.0
2022-04-01,MU-302-50Kg,263500.0,train,165846.0,241402.0,210933.0,259948.0,37211.0,45870.0,237427.66666666663,126144.16666666669,24748.01103792653,18130.755244755248,4.725589225589226,0.8660254037844387,-0.4999999999999998,2,1,0,1,-0.2675951317718991,1.2675951317718992,108308.0
2022-05-01,MU-302-50Kg,148000.0,train,140708.0,165846.0,241402.0,210933.0,4593.0,11110.0,206060.3333333333,147583.33333333334,38012.95100795692,19635.496503496503,3.615565729234794,0.4999999999999999,-0.8660254037844387,2,0,0,1,-0.5888233662554418,1.5888233662554418,106934.0
2022-06-01,MU-302-50Kg,277000.0,train,275237.0,140708.0,165846.0,241402.0,2778.0,35637.0,182652.0,170269.16666666666,52408.50728650837,17754.398601398603,12.664986498649863,1.2246467991473532e-16,-1.0,2,0,0,1,-0.0518236347613497,1.0518236347613497,208077.0
2022-07-01,MU-302-50Kg,282500.0,train,243344.0,275237.0,140708.0,165846.0,259948.0,40676.0,193930.3333333333,215679.0,71526.6404518857,21256.07692307693,7.723349327945675,-0.4999999999999997,-0.8660254037844388,3,0,0,1,-0.0064053888103706,1.0064053888103708,195222.0
2022-08-01,MU-302-50Kg,293000.0,train,289749.0,243344.0,275237.0,140708.0,210933.0,45284.0,219763.0,212911.66666666663,70296.23482804751,22084.62237762237,5.98249582063133,-0.8660254037844384,-0.5000000000000004,3,0,0,1,-0.1609080149911236,1.1609080149911235,220983.0
2022-09-01,MU-302-50Kg,258500.0,train,316434.0,289749.0,243344.0,275237.0,241402.0,59688.0,269443.3333333333,226047.66666666663,23738.80654820991,23490.171328671328,6.3984851161558165,-1.0,-1.8369701987210294e-16,3,0,0,1,-0.0112200559794856,1.0112200559794855,245958.0
2022-10-01,MU-302-50Kg,262500.0,train,342763.0,316434.0,289749.0,243344.0,165846.0,37211.0,283175.6666666667,238553.0,36985.72100599545,24867.24825174825,5.301467631684761,-0.8660254037844386,0.5000000000000001,4,0,0,1,0.1830839922385078,0.8169160077614921,246388.0
2022-11-01,MU-302-50Kg,153000.0,train,333744.0,342763.0,316434.0,289749.0,140708.0,4593.0,316315.3333333333,268039.1666666667,26507.19921706805,24439.870629370624,9.2113353578243,-0.5000000000000004,0.8660254037844384,4,0,1,1,0.2341647143944941,0.7658352856055058,244521.0
2022-12-01,MU-302-50Kg,306000.0,train,326116.0,333744.0,342763.0,316434.0,275237.0,2778.0,330980.3333333333,300211.8333333333,13380.300831197075,20046.24475524476,72.66361854996734,-2.4492935982947064e-16,1.0,4,0,1,1,0.5415647921760391,0.4584352078239608,239931.0
2023-01-01,MU-302-50Kg,254000.0,train,248519.0,326116.0,333744.0,342763.0,243344.0,259948.0,334207.6666666667,308691.6666666667,8333.180205259785,12974.979020979015,117.39236861051116,0.4999999999999999,0.8660254037844387,1,0,0,2,0.0616835727164567,0.9383164272835433,177329.0
2023-02-01,MU-302-50Kg,266000.0,train,244308.0,248519.0,326116.0,333744.0,289749.0,210933.0,302793.0,309554.1666666667,47157.15113320567,12347.653846153848,0.9560335143951868,0.8660254037844386,0.5000000000000001,1,0,0,2,-0.0220546517570085,1.0220546517570086,177748.0
2023-03-01,MU-302-50Kg,325000.0,train,254030.0,244308.0,248519.0,326116.0,316434.0,241402.0,272981.0,301980.6666666667,46064.4038168302,9410.335664335662,1.1582255977016398,1.0,6.123233995736766e-17,1,1,0,2,-0.0887895607184373,1.0887895607184377,164197.0
2023-04-01,MU-302-50Kg,223600.0,train,96726.0,254030.0,244308.0,248519.0,342763.0,165846.0,248952.3333333333,291580.0,4875.464524876965,7998.503496503494,1.0523110827582207,0.8660254037844387,-0.4999999999999998,2,1,0,2,-0.2793764516002047,1.2793764516002046,62738.0
2023-05-01,MU-302-50Kg,318500.0,train,257511.0,96726.0,254030.0,244308.0,333744.0,140708.0,198354.66666666663,250573.8333333333,88147.14253640518,-2986.153846153846,0.5832278137549293,0.4999999999999999,-0.8660254037844387,2,0,0,2,-1.311684552240349,2.311684552240349,191736.0
2023-06-01,MU-302-50Kg,311500.0,train,253011.0,257511.0,96726.0,254030.0,326116.0,275237.0,202755.66666666663,237868.3333333333,91840.87869970176,-8446.052447552443,1.8301091622366887,1.2246467991473532e-16,-1.0,2,0,0,2,-0.2368403679842803,1.2368403679842803,185904.0
2023-07-01,MU-302-50Kg,288000.0,train,274987.0,253011.0,257511.0,96726.0,248519.0,243344.0,202416.0,225684.16666666663,91557.87554874783,-8780.877622377613,0.9192477755534322,-0.4999999999999997,-0.8660254037844388,3,0,0,2,-0.2311717672354166,1.2311717672354163,218954.0
2023-08-01,MU-302-50Kg,288500.0,train,320219.0,274987.0,253011.0,257511.0,244308.0,289749.0,261836.3333333333,230095.5,11608.94161124658,-9564.727272727265,1.1300340259057138,-0.8660254037844384,-0.5000000000000004,3,0,0,2,-0.047322237051206,1.047322237051206,256697.0
2023-09-01,MU-302-50Kg,301000.0,train,300247.0,320219.0,274987.0,253011.0,254030.0,316434.0,282739.0,242747.3333333333,34268.04552349023,-6720.846153846143,1.1051599832958872,-1.0,-1.8369701987210294e-16,3,0,0,2,0.0990540848606734,0.9009459151393264,235356.0
2023-10-01,MU-302-50Kg,302000.0,train,348913.0,300247.0,320219.0,274987.0,96726.0,342763.0,298484.3333333333,250450.16666666663,22667.459084187896,-3645.241258741245,0.9488455728524748,-0.8660254037844386,0.5000000000000001,4,0,0,2,-0.0025079351334068,1.0025079351334067,267963.0
2023-11-01,MU-302-50Kg,311000.0,train,386229.0,348913.0,300247.0,320219.0,257511.0,333744.0,323126.3333333333,292481.3333333333,24462.91743299096,2612.101398601403,1.017942426691329,-0.5000000000000004,0.8660254037844384,4,0,1,2,0.1344547208043265,0.8655452791956734,290092.0
2023-12-01,MU-302-50Kg,300000.0,train,384204.0,386229.0,348913.0,300247.0,253011.0,326116.0,345129.6666666667,313934.3333333333,43115.673360546425,9851.71328671329,1.157261254134906,-2.4492935982947064e-16,1.0,4,0,1,2,0.1947782274246625,0.8052217725753374,287842.0
2024-01-01,MU-302-50Kg,276500.0,train,369405.0,384204.0,386229.0,348913.0,274987.0,248519.0,373115.3333333333,335799.8333333333,20984.27650249901,16299.68531468532,1.178120668719106,0.4999999999999999,0.8660254037844387,1,0,0,3,0.2191648186900709,0.7808351813099291,277303.0
2024-02-01,MU-302-50Kg,258100.0,train,368859.0,369405.0,384204.0,386229.0,320219.0,244308.0,379946.0,351536.1666666667,9184.75187471056,18245.11888111888,1.4864255851665265,0.8660254037844386,0.5000000000000001,1,0,0,3,0.251499032227501,0.748500967772499,278914.0
2024-03-01,MU-302-50Kg,353600.0,train,396457.0,368859.0,369405.0,384204.0,300247.0,254030.0,374156.0,359642.8333333333,8706.104582417966,19132.78671328672,1.5098113856279778,1.0,6.123233995736766e-17,1,1,0,3,0.3002746306854381,0.699725369314562,253993.0
2024-04-01,MU-302-50Kg,65700.0,train,150643.0,396457.0,368859.0,369405.0,348913.0,96726.0,378240.3333333333,375677.8333333333,15778.45801507019,20652.83916083917,1.5606699996063458,0.8660254037844387,-0.4999999999999998,2,1,0,3,0.1080999957120192,0.8919000042879808,96947.0
2024-05-01,MU-302-50Kg,372000.0,train,436959.0,150643.0,396457.0,368859.0,386229.0,257511.0,305319.6666666667,342632.8333333333,134662.78553978205,4572.332167832174,1.5574199284577053,0.4999999999999999,-0.8660254037844387,2,0,0,3,0.5638695458799944,0.4361304541200055,328674.0
2024-06-01,MU-302-50Kg,391700.0,train,374840.0,436959.0,150643.0,396457.0,384204.0,253011.0,328019.6666666667,351087.8333333333,154941.8097523497,6435.346153846141,1.6968556683015483,1.2246467991473532e-16,-1.0,2,0,0,3,0.1486615449046706,0.8513384550953293,277234.0
2024-07-01,MU-302-50Kg,457100.0,train,451273.0,374840.0,436959.0,150643.0,369405.0,274987.0,320814.0,349527.1666666667,150609.82528042453,4449.741258741265,1.4815166139021625,-0.4999999999999997,-0.8660254037844388,3,0,0,3,-0.0449791911215451,1.0449791911215451,340810.0
2024-08-01,MU-302-50Kg,420200.0,train,432135.0,451273.0,374840.0,436959.0,368859.0,320219.0,421024.0,363171.8333333333,40631.81070294559,5550.825174825174,1.6410703051416975,-0.8660254037844384,-0.5000000000000004,3,0,0,3,-0.0129123612536092,1.0129123612536093,333950.0
2024-09-01,MU-302-50Kg,453500.0,train,445120.0,432135.0,451273.0,374840.0,396457.0,300247.0,419416.0,373717.8333333333,39772.23394530415,6739.062937062945,1.3494983120926616,-1.0,-1.8369701987210294e-16,3,0,0,3,0.0276186839760722,0.9723813160239276,318012.0
2024-10-01,MU-302-50Kg,471500.0,train,468671.0,445120.0,432135.0,451273.0,150643.0,348913.0,442842.6666666667,381828.3333333333,9770.130313017176,6736.276223776223,1.482512731184658,-0.8660254037844386,0.5000000000000001,4,0,0,3,-0.0188263838964773,1.0188263838964773,357085.0
2024-11-01,MU-302-50Kg,427000.0,train,401297.0,468671.0,445120.0,432135.0,436959.0,386229.0,448642.0,434833.0,18520.885157032964,8838.2902097902,1.3432316938606472,-0.5000000000000004,0.8660254037844384,4,0,1,3,-0.0060362173038229,1.0060362173038229,291699.0
2024-12-01,MU-302-50Kg,489100.0,train,364723.0,401297.0,468671.0,445120.0,374840.0,384204.0,438362.6666666667,428889.3333333333,34191.52138079465,9207.709790209794,1.0390131243381515,-2.4492935982947064e-16,1.0,4,0,1,3,-0.0640498184636316,1.0640498184636318,268618.0
2025-01-01,MU-302-50Kg,287000.0,test,247666.0,364723.0,401297.0,468671.0,451273.0,369405.0,411563.6666666667,427203.1666666667,52729.02435408168,7973.020979020992,0.9492951661096708,0.4999999999999999,0.8660254037844387,1,0,0,4,-0.3410177038464808,1.3410177038464808,189524.0
2025-02-01,MU-302-50Kg,277500.0,test,232120.0,247666.0,364723.0,401297.0,432135.0,368859.0,337895.3333333333,393268.6666666667,80252.1888445003,1699.6888111888306,0.6704457167607368,0.8660254037844386,0.5000000000000001,1,0,0,4,-0.1588187316789547,1.1588187316789549,174796.0
2025-03-01,MU-302-50Kg,224000.0,test,165015.0,232120.0,247666.0,364723.0,445120.0,396457.0,281503.0,359932.8333333333,72488.59102645052,-4345.062937062923,0.6292919516671682,1.0,6.123233995736766e-17,1,1,0,4,-0.1955023263829054,1.1955023263829054,111456.0
2025-04-01,MU-302-50Kg,189500.0,test,175651.0,165015.0,232120.0,247666.0,468671.0,150643.0,214933.66666666663,313248.6666666667,43924.0764311936,-10760.104895104882,0.4162242059037928,0.8660254037844387,-0.4999999999999998,2,1,0,4,-0.3574523528164106,1.3574523528164106,117816.0
2025-05-01,MU-302-50Kg,269000.0,test,320294.0,175651.0,165015.0,232120.0,401297.0,436959.0,190928.66666666663,264412.0,36066.95967687513,-26320.958041958045,1.1660083774221173,0.4999999999999999,-0.8660254037844387,2,0,0,4,-0.0788438437583617,1.0788438437583618,247042.0
2025-06-01,MU-302-50Kg,274500.0,test,261662.0,320294.0,175651.0,165015.0,364723.0,374840.0,220320.0,250911.5,86743.19357159962,-23479.136363636364,0.7330069869255468,1.2246467991473532e-16,-1.0,2,0,0,4,0.1601466152971957,0.8398533847028044,190536.0
2025-07-01,MU-302-50Kg,281100.0,test,307989.0,261662.0,320294.0,175651.0,247666.0,451273.0,252535.66666666663,233734.66666666663,72752.09160108963,-24900.14335664336,0.6980631736207449,-0.4999999999999997,-0.8660254037844388,3,0,0,4,-0.049063295396351,1.049063295396351,231149.0
2025-08-01,MU-302-50Kg,282700.0,test,242228.0,307989.0,261662.0,320294.0,232120.0,432135.0,296648.3333333333,243788.5,30917.404424261367,-20273.660839160828,0.6824893135640732,-0.8660254037844384,-0.5000000000000004,3,0,0,4,0.0873050660900227,0.9126949339099774,185942.0
2025-09-01,MU-302-50Kg,288700.0,test,278852.0,242228.0,307989.0,261662.0,165015.0,445120.0,270626.3333333333,245473.16666666663,33784.56355102631,-18044.370629370616,0.560537794902056,-1.0,-1.8369701987210294e-16,3,0,0,4,-0.1670822530838714,1.1670822530838714,206875.0
2025-10-01,MU-302-50Kg,291500.0,test,319803.0,278852.0,242228.0,307989.0,175651.0,468671.0,276356.3333333333,264446.0,32951.45739316147,-12488.216783216763,0.6264647735442128,-0.8660254037844386,0.5000000000000001,4,0,0,4,-0.0353162250943152,1.035316225094315,227488.0
2025-11-01,MU-302-50Kg,282000.0,test,411634.0,319803.0,278852.0,242228.0,320294.0,401297.0,280294.3333333333,288471.3333333333,38807.60750591739,-3123.811188811173,0.6823614006413881,-0.5000000000000004,0.8660254037844384,4,0,1,4,0.0885013586489182,0.9114986413510816,296136.0
2025-12-01,MU-302-50Kg,382000.0,test,444902.0,411634.0,319803.0,278852.0,261662.0,364723.0,336763.0,303694.6666666667,67996.29461228018,7751.136363636362,1.0257589765186383,-2.4492935982947064e-16,1.0,4,0,1,4,0.3149253948896349,0.685074605110365,320508.0
2021-01-01,MU-380-40KG,451480.0,train,336558.0,,,,,,,,,,1.0,0.4999999999999999,0.8660254037844387,1,0,0,0,,,258925.0
2021-02-01,MU-380-40KG,329153.36537337373,train,255533.0,336558.0,,,,,,,,,1.0,0.8660254037844386,0.5000000000000001,1,0,0,0,-0.3414626899375442,1.341462689937544,205889.0
2021-03-01,MU-380-40KG,407700.0,train,430079.0,255533.0,336558.0,,,,,,,,1.0,1.0,6.123233995736766e-17,1,1,0,0,-0.2881051189997915,1.2881051189997916,277798.0
2021-04-01,MU-380-40KG,432900.0,train,452795.0,430079.0,255533.0,336558.0,,,340723.3333333333,,87347.51874170975,,1.0,0.8660254037844387,-0.4999999999999998,2,1,0,0,0.0520346261965824,0.9479653738034176,281732.0
2021-05-01,MU-380-40KG,180600.0,train,269217.0,452795.0,430079.0,255533.0,,,379469.0,,107931.011465658,,1.0,0.4999999999999999,-0.8660254037844387,2,0,0,0,0.043938206031427,0.9560617939685728,208583.0
2021-06-01,MU-380-40KG,473200.0,train,361519.0,269217.0,452795.0,430079.0,,,384030.3333333333,,100077.87116707336,,1.0,1.2246467991473532e-16,-1.0,2,0,0,0,0.3291656916167998,0.6708343083832001,278071.0
2021-07-01,MU-380-40KG,488200.0,train,417814.0,361519.0,269217.0,452795.0,336558.0,,361177.0,350950.1666666667,91789.4778501327,,1.0,-0.4999999999999997,-0.8660254037844388,3,0,0,0,-0.3089215227968654,1.3089215227968654,315847.0
2021-08-01,MU-380-40KG,392100.0,train,502060.0,417814.0,361519.0,269217.0,255533.0,,349516.6666666667,364492.8333333333,75022.05746534369,,1.0,-0.8660254037844384,-0.5000000000000004,3,0,0,0,-0.1684625216005208,1.1684625216005209,375227.0
2021-09-01,MU-380-40KG,510200.0,train,508427.0,502060.0,417814.0,361519.0,430079.0,,427131.0,405580.6666666667,70732.22771127739,,1.0,-1.0,-1.8369701987210294e-16,3,0,0,0,0.2190176472931522,0.7809823527068478,389840.0
2021-10-01,MU-380-40KG,516500.0,train,491914.0,508427.0,502060.0,417814.0,452795.0,,476100.3333333333,418638.6666666667,50577.73385921251,,1.0,-0.8660254037844386,0.5000000000000001,4,0,0,0,-0.0034872262881396,1.0034872262881398,372380.0
2021-11-01,MU-380-40KG,536700.0,train,483186.0,491914.0,508427.0,502060.0,269217.0,,500800.3333333333,425158.5,8328.256860431946,,1.0,-0.5000000000000004,0.8660254037844384,4,0,1,0,-0.0499802811060469,1.049980281106047,322736.0
2021-12-01,MU-380-40KG,528860.0,train,497633.0,483186.0,491914.0,508427.0,361519.0,,494509.0,460820.0,12819.030345544796,,1.0,-2.4492935982947064e-16,1.0,4,0,1,0,-0.1107523810706436,1.1107523810706437,348735.0
2022-01-01,MU-380-40KG,416950.0,train,240754.0,497633.0,483186.0,491914.0,417814.0,336558.0,490911.0,483505.6666666667,7275.538399321275,18484.37412587412,1.0,0.4999999999999999,0.8660254037844387,1,0,0,1,-0.0627510635347736,1.0627510635347737,189267.0
2022-02-01,MU-380-40KG,376070.0,train,328838.0,240754.0,497633.0,483186.0,502060.0,255533.0,407191.0,453995.6666666667,144319.55923921053,8030.101398601407,0.715341783585593,0.8660254037844386,0.5000000000000001,1,0,0,1,-0.731850768834578,1.731850768834578,240842.0
2022-03-01,MU-380-40KG,494999.84,train,519512.0,328838.0,240754.0,497633.0,508427.0,430079.0,355741.6666666667,425125.3333333333,130535.66800048688,-2049.3216783216694,1.2868709716553244,1.0,6.123233995736766e-17,1,1,0,1,-0.1436330351115138,1.1436330351115138,314714.0
2022-04-01,MU-380-40KG,380230.0,train,320216.0,519512.0,328838.0,240754.0,491914.0,452795.0,363034.6666666667,426972.8333333333,142490.57740543174,2626.157342657351,1.2079455169864142,0.8660254037844387,-0.4999999999999998,2,1,0,1,0.0471830487072484,0.9528169512927516,209925.0
2022-05-01,MU-380-40KG,303870.0,train,262283.0,320216.0,519512.0,328838.0,483186.0,269217.0,389522.0,398356.5,112657.15599108652,43.545454545444485,0.7071986218929096,0.4999999999999999,-0.8660254037844387,2,0,0,1,-0.1874172433607315,1.1874172433607315,191897.0
2022-06-01,MU-380-40KG,633450.0,train,700149.0,262283.0,320216.0,519512.0,497633.0,361519.0,367337.0,361539.3333333333,134933.2467963326,-12184.587412587409,0.9742438256127957,1.2246467991473532e-16,-1.0,2,0,0,1,-0.1585577410659478,1.1585577410659478,536588.0
2022-07-01,MU-380-40KG,479900.0,train,370654.0,700149.0,262283.0,320216.0,240754.0,417814.0,427549.3333333333,395292.0,237848.67420764265,-3327.6853146853,1.9366865918527103,-0.4999999999999997,-0.8660254037844388,3,0,0,1,0.0952640080897066,0.9047359919102934,280222.0
2022-08-01,MU-380-40KG,496700.0,train,381387.0,370654.0,700149.0,262283.0,328838.0,502060.0,444362.0,416942.0,228048.92114851144,-6952.846153846163,0.8871268076225306,-0.8660254037844384,-0.5000000000000004,3,0,0,1,-0.2947384892649209,1.294738489264921,290118.0
2022-09-01,MU-380-40KG,701000.0,train,661884.0,381387.0,370654.0,700149.0,519512.0,508427.0,484063.3333333333,425700.1666666667,187212.60862007484,-6006.045454545446,0.7596442656256225,-1.0,-1.8369701987210294e-16,3,0,0,1,-0.3023516795276189,1.3023516795276189,509606.0
2022-10-01,MU-380-40KG,420350.0,train,279173.0,661884.0,381387.0,370654.0,320216.0,491914.0,471308.3333333333,449428.8333333333,165130.59336880408,6862.37762237762,1.301827007613679,-0.8660254037844386,0.5000000000000001,4,0,0,1,-0.0590979688283747,1.0590979688283748,195209.0
2022-11-01,MU-380-40KG,503550.0,train,396794.0,279173.0,661884.0,381387.0,262283.0,483186.0,440814.6666666667,442588.3333333333,198155.6536017414,3187.4300699300825,0.5675239980972284,-0.5000000000000004,0.8660254037844384,4,0,1,1,-0.5056971841832842,1.5056971841832842,272811.0
2022-12-01,MU-380-40KG,614600.0,train,556268.0,396794.0,279173.0,661884.0,700149.0,497633.0,445950.3333333333,465006.8333333333,196033.63540559396,5127.339160839166,0.8212034289072945,-2.4492935982947064e-16,1.0,4,0,1,1,-0.269046406951718,1.269046406951718,397106.0
2023-01-01,MU-380-40KG,278250.0,train,272239.0,556268.0,396794.0,279173.0,370654.0,240754.0,410745.0,441026.6666666667,139073.2992238266,14461.685314685334,1.117827796790004,0.4999999999999999,0.8660254037844387,1,0,0,2,-0.1048631235303846,1.1048631235303847,202407.0
2023-02-01,MU-380-40KG,313700.0,train,286444.0,272239.0,556268.0,396794.0,381387.0,328838.0,408433.6666666667,424624.1666666667,142371.8005446772,785.4860139860174,1.1307766433787183,0.8660254037844386,0.5000000000000001,1,0,0,2,-0.0220798636492199,1.02207986364922,237003.0
2023-03-01,MU-380-40KG,539020.0,train,387396.0,286444.0,272239.0,556268.0,661884.0,519512.0,371650.3333333333,408800.3333333333,160041.26855387443,-8560.723776223771,0.8710793764710891,1.0,6.123233995736766e-17,1,1,0,2,-0.095152979290891,1.0951529792908912,264703.0
2023-04-01,MU-380-40KG,310550.0,train,169858.0,387396.0,286444.0,272239.0,279173.0,320216.0,315359.6666666667,363052.3333333333,62788.29903997533,-5060.702797202786,0.7456921110580699,0.8660254037844387,-0.4999999999999998,2,1,0,2,-0.3913927867092071,1.391392786709207,114441.0
2023-05-01,MU-380-40KG,471100.0,train,445177.0,169858.0,387396.0,286444.0,396794.0,262283.0,281232.6666666667,344833.1666666667,108862.59163428626,-18062.548951048957,0.53044819746671,0.4999999999999999,-0.8660254037844387,2,0,0,2,-0.828291867324471,1.828291867324471,328839.0
2023-06-01,MU-380-40KG,590500.0,train,434407.0,445177.0,169858.0,387396.0,556268.0,700149.0,334143.6666666667,352897.0,145179.1865052748,-22057.06643356641,1.697315495094993,1.2246467991473532e-16,-1.0,2,0,0,2,-0.0582307711314825,1.0582307711314825,326948.0
2023-07-01,MU-380-40KG,482350.0,train,513486.0,434407.0,445177.0,169858.0,272239.0,370654.0,349814.0,332586.8333333333,155939.4744027311,-7841.793706293691,0.6204493614930536,-0.4999999999999997,-0.8660254037844388,3,0,0,2,-0.3593243202802901,1.35932432028029,377973.0
2023-08-01,MU-380-40KG,543450.0,train,446189.0,513486.0,434407.0,445177.0,286444.0,381387.0,464356.6666666667,372794.6666666667,42886.67357505517,-3703.730769230768,1.38535129797601,-0.8660254037844384,-0.5000000000000004,3,0,0,2,0.0606365119983797,0.9393634880016204,337287.0
2023-09-01,MU-380-40KG,533500.0,train,480546.0,446189.0,513486.0,434407.0,387396.0,661884.0,464694.0,399418.8333333333,42663.78240381415,-2664.975524475511,1.169911402328868,-1.0,-1.8369701987210294e-16,3,0,0,2,-0.2179816176552985,1.2179816176552984,378413.0
2023-10-01,MU-380-40KG,493300.0,train,482799.0,480546.0,446189.0,513486.0,169858.0,279173.0,480073.6666666667,414943.8333333333,33650.98626093048,11991.905594405594,0.726027521438802,-0.8660254037844386,0.5000000000000001,4,0,0,2,-0.1101954859680446,1.1101954859680447,387149.0
2023-11-01,MU-380-40KG,518560.0,train,516781.0,482799.0,480546.0,446189.0,445177.0,396794.0,469844.6666666667,467100.6666666667,20517.356709219,10607.583916083931,1.729390019808506,-0.5000000000000004,0.8660254037844384,4,0,1,2,-0.0217502521753359,1.021750252175336,361184.0
2023-12-01,MU-380-40KG,553360.0,train,418810.0,516781.0,482799.0,480546.0,434407.0,556268.0,493375.3333333333,479034.6666666667,20301.180417239982,14452.713286713302,1.3023911651889897,-2.4492935982947064e-16,1.0,4,0,1,2,-0.0034424640224776,1.0034424640224775,307875.0
2024-01-01,MU-380-40KG,351800.0,train,363180.0,418810.0,516781.0,482799.0,513486.0,272239.0,472796.6666666667,476435.1666666667,49745.494412392094,20939.475524475525,0.7528924906699649,0.4999999999999999,0.8660254037844387,1,0,0,3,-0.3212674004918698,1.32126740049187,270955.0
2024-02-01,MU-380-40KG,381800.0,train,331753.0,363180.0,418810.0,516781.0,446189.0,286444.0,432923.6666666667,451384.1666666667,77767.04630068794,13337.458041958042,1.33404839130323,0.8660254037844386,0.5000000000000001,1,0,0,3,0.0313343245773445,0.9686656754226556,241688.0
2024-03-01,MU-380-40KG,336500.0,train,369531.0,331753.0,363180.0,418810.0,480546.0,387396.0,371247.6666666667,432311.5,44085.663727944,4536.44055944056,1.158177514627641,1.0,6.123233995736766e-17,1,1,0,3,-0.1508562092882355,1.1508562092882355,257654.0
2024-04-01,MU-380-40KG,138700.0,train,217666.0,369531.0,331753.0,363180.0,482799.0,169858.0,354821.3333333333,413809.0,20228.564020546804,1460.3041958042093,0.95388439736084,0.8660254037844387,-0.4999999999999998,2,1,0,3,0.0893862761175652,0.9106137238824348,139669.0
2024-05-01,MU-380-40KG,392800.0,train,432000.0,217666.0,369531.0,331753.0,516781.0,445177.0,306316.6666666667,369620.1666666667,79063.26483477249,-17219.954545454544,1.2814586301498898,0.4999999999999999,-0.8660254037844387,2,0,0,3,0.362785184640688,0.637214815359312,344513.0
2024-06-01,MU-380-40KG,463000.0,train,527404.0,432000.0,217666.0,369531.0,418810.0,434407.0,339732.3333333333,355490.0,110230.37825542178,-15476.419580419562,0.9704005373143716,1.2246467991473532e-16,-1.0,2,0,0,3,0.0907407407407407,0.9092592592592592,410477.0
2024-07-01,MU-380-40KG,453928.6799168693,train,420492.0,527404.0,432000.0,217666.0,363180.0,513486.0,392356.6666666667,373589.0,158628.8201095039,-10460.898601398589,1.2140780420205015,-0.4999999999999997,-0.8660254037844388,3,0,0,3,0.1221151147886629,0.877884885211337,308294.0
2024-08-01,MU-380-40KG,467840.0,train,561698.0,420492.0,527404.0,432000.0,331753.0,446189.0,459965.3333333333,383141.0,58686.35989165911,-6613.206293706286,0.8188967177294025,-0.8660254037844384,-0.5000000000000004,3,0,0,3,-0.0795179930102578,1.079517993010258,415719.0
2024-09-01,MU-380-40KG,527450.0,train,577279.0,561698.0,420492.0,527404.0,369531.0,480546.0,503198.0,421465.1666666667,73649.3817760882,256.8391608391651,1.258879084872106,-1.0,-1.8369701987210294e-16,3,0,0,3,0.1670969097272912,0.8329030902727088,436840.0
2024-10-01,MU-380-40KG,503370.0,train,444195.0,577279.0,561698.0,420492.0,217666.0,482799.0,519823.0,456089.8333333333,86375.21381160217,8480.08041958044,1.2012981067369202,-0.8660254037844386,0.5000000000000001,4,0,0,3,0.0863170148229885,0.9136829851770114,329273.0
2024-11-01,MU-380-40KG,519750.0,train,517223.0,444195.0,577279.0,561698.0,432000.0,516781.0,527724.0,493844.6666666667,72756.52734291262,11010.66083916086,0.9200412594060884,-0.5000000000000004,0.8660254037844384,4,0,1,3,-0.1332185188937291,1.1332185188937292,353130.0
2024-12-01,MU-380-40KG,543300.0,train,452525.0,517223.0,444195.0,577279.0,527404.0,418810.0,512899.0,508048.5,66647.28423574359,18164.60489510489,1.0008552946025493,-2.4492935982947064e-16,1.0,4,0,1,3,-0.0048857069387865,1.0048857069387866,323425.0
2025-01-01,MU-380-40KG,359500.0,test,337002.0,452525.0,517223.0,444195.0,420492.0,363180.0,471314.3333333333,495568.6666666667,39975.63609666948,18373.84615384615,1.0805018982354766,0.4999999999999999,0.8660254037844387,1,0,0,4,-0.2005966521186674,1.2005966521186675,258677.0
2025-02-01,MU-380-40KG,361800.0,test,355342.0,337002.0,452525.0,517223.0,561698.0,331753.0,435583.3333333333,481653.6666666667,91297.13720776438,11375.48951048952,0.9279200396497604,0.8660254037844386,0.5000000000000001,1,0,0,4,-0.0667592477195981,1.0667592477195982,255897.0
2025-03-01,MU-380-40KG,365200.0,test,314460.0,355342.0,337002.0,452525.0,577279.0,369531.0,381623.0,447261.0,62083.88762795089,3837.080419580426,1.0711041045597176,1.0,6.123233995736766e-17,1,1,0,4,-0.0181740407832454,1.0181740407832454,216743.0
2025-04-01,MU-380-40KG,263900.0,test,304776.0,314460.0,355342.0,337002.0,444195.0,217666.0,335601.3333333333,403457.8333333333,20476.959767831177,-3721.4895104895095,0.850970554567817,0.8660254037844387,-0.4999999999999998,2,1,0,4,-0.1613559753227755,1.1613559753227756,182816.0
2025-05-01,MU-380-40KG,474600.0,test,468272.0,304776.0,314460.0,355342.0,517223.0,432000.0,324859.3333333333,380221.3333333333,26839.14472060128,-18170.363636363625,1.400200306892211,0.4999999999999999,-0.8660254037844387,2,0,0,4,0.1341181720345434,0.8658818279654567,340866.0
2025-06-01,MU-380-40KG,500500.0,test,521299.0,468272.0,304776.0,314460.0,452525.0,527404.0,362502.6666666667,372062.8333333333,91726.8165223964,-17197.636363636368,1.083962962962963,1.2246467991473532e-16,-1.0,2,0,0,4,-0.0135135135135135,1.0135135135135136,403006.0
2025-07-01,MU-380-40KG,508200.0,test,522798.0,521299.0,468272.0,304776.0,337002.0,420492.0,431449.0,383525.1666666667,112860.54394251353,-10102.513986013972,0.988424433641004,-0.4999999999999997,-0.8660254037844388,3,0,0,4,0.0398984076317046,0.9601015923682954,408034.0
2025-08-01,MU-380-40KG,561700.0,test,491375.0,522798.0,521299.0,468272.0,355342.0,561698.0,504123.0,414491.1666666667,31056.92194986502,-7766.681818181806,1.2433007048885591,-0.8660254037844384,-0.5000000000000004,3,0,0,4,0.0279228306152663,0.9720771693847337,393039.0
2025-09-01,MU-380-40KG,584200.0,test,554969.0,491375.0,522798.0,521299.0,314460.0,577279.0,511824.0,437163.3333333333,17725.206656059217,-936.398601398588,0.8748028299904931,-1.0,-1.8369701987210294e-16,3,0,0,4,-0.143118799287713,1.143118799287713,412659.0
2025-10-01,MU-380-40KG,491400.0,test,544372.0,554969.0,491375.0,522798.0,304776.0,444195.0,523047.3333333333,477248.1666666667,31797.733163440065,9539.804195804196,0.9613531758473806,-0.8660254037844386,0.5000000000000001,4,0,0,4,-0.0526714104751796,1.0526714104751798,430513.0
2025-11-01,MU-380-40KG,532150.0,test,543104.0,544372.0,554969.0,491375.0,468272.0,517223.0,530238.6666666666,517180.8333333333,34071.43293630801,13715.17132867133,1.225524825808485,-0.5000000000000004,0.8660254037844384,4,0,1,4,0.0973084581866811,0.9026915418133188,389623.0
2025-12-01,MU-380-40KG,541850.0,test,593701.0,543104.0,544372.0,554969.0,521299.0,452525.0,547481.6666666666,529652.8333333334,6515.142080824524,20460.68531468532,1.050038378030366,-2.4492935982947064e-16,1.0,4,0,1,4,0.0201692493518736,0.9798307506481264,399743.0
2021-01-01,MU-480-Combined,16730.0,train,16850.0,,,,,,,,,,1.0,0.4999999999999999,0.8660254037844387,1,0,0,0,,,12531.0
2021-02-01,MU-480-Combined,13252.546739526691,train,9404.0,16850.0,,,,,,,,,1.0,0.8660254037844386,0.5000000000000001,1,0,0,0,0.0071216617210682,0.9928783382789318,7067.0
2021-03-01,MU-480-Combined,15710.0,train,13813.0,9404.0,16850.0,,,,,,,,1.0,1.0,6.123233995736766e-17,1,1,0,0,-0.4092457187927151,1.4092457187927152,8502.0
2021-04-01,MU-480-Combined,14500.0,train,18665.0,13813.0,9404.0,16850.0,,,13355.666666666666,,3744.007790234061,,1.0,0.8660254037844387,-0.4999999999999998,2,1,0,0,-0.1373343951350177,1.1373343951350177,11140.0
2021-05-01,MU-480-Combined,7970.0,train,9724.0,18665.0,13813.0,9404.0,,,13960.666666666666,,4632.265572409827,,1.0,0.4999999999999999,-0.8660254037844387,2,0,0,0,0.2231449236538976,0.7768550763461023,7238.0
2021-06-01,MU-480-Combined,15920.0,train,4334.0,9724.0,18665.0,13813.0,,,14067.333333333334,,4475.922735407006,,1.0,1.2246467991473532e-16,-1.0,2,0,0,0,0.1803784450843274,0.8196215549156726,3362.0
2021-07-01,MU-480-Combined,15920.0,train,12431.0,4334.0,9724.0,18665.0,16850.0,,10907.666666666666,12131.666666666666,7238.452205639915,,1.0,-0.4999999999999997,-0.8660254037844388,3,0,0,0,-2.673281033687125,3.673281033687125,9584.0
2021-08-01,MU-480-Combined,15546.436256392228,train,11747.0,12431.0,4334.0,9724.0,9404.0,,8829.666666666666,11395.166666666666,4121.920224037984,,1.0,-0.8660254037844384,-0.5000000000000004,3,0,0,0,-0.2806692945056713,1.2806692945056712,8340.0
2021-09-01,MU-480-Combined,16820.0,train,17187.0,11747.0,12431.0,4334.0,13813.0,,9504.0,11785.666666666666,4490.394080701604,,1.0,-1.0,-1.8369701987210294e-16,3,0,0,0,-0.323438857273536,1.323438857273536,13053.0
2021-10-01,MU-480-Combined,26700.0,train,37007.0,17187.0,11747.0,12431.0,18665.0,,13788.333333333334,12348.0,2963.1343765231672,,1.0,-0.8660254037844386,0.5000000000000001,4,0,0,0,0.0213533484610461,0.978646651538954,28544.0
2021-11-01,MU-480-Combined,22100.0,train,32380.0,37007.0,17187.0,11747.0,9724.0,,21980.33333333333,15405.0,13294.695684119037,,1.0,-0.5000000000000004,0.8660254037844384,4,0,1,0,0.2785148755640825,0.7214851244359175,20342.0
2021-12-01,MU-480-Combined,36934.583333333336,train,49431.0,32380.0,37007.0,17187.0,4334.0,,28858.0,19181.0,10368.773456875217,,1.0,-2.4492935982947064e-16,1.0,4,0,1,0,0.3174799258801729,0.6825200741198271,34400.0
2022-01-01,MU-480-Combined,22195.0,train,14525.0,49431.0,32380.0,37007.0,12431.0,16850.0,39606.0,26697.166666666668,8817.61027716694,2567.513986013986,1.0,0.4999999999999999,0.8660254037844387,1,0,0,1,0.2528052571598119,0.747194742840188,10982.0
2022-02-01,MU-480-Combined,20996.18833333333,train,13532.0,14525.0,49431.0,32380.0,11747.0,9404.0,32112.0,27046.166666666668,17454.54316216841,2262.8951048951053,0.8620178041543026,0.8660254037844386,0.5000000000000001,1,0,0,1,-0.5280550774526678,1.5280550774526678,10303.0
2022-03-01,MU-480-Combined,29750.033301523657,train,21173.0,13532.0,14525.0,49431.0,17187.0,13813.0,25829.33333333333,27343.666666666668,20445.672264157354,1597.8881118881122,1.438962143768609,1.0,6.123233995736766e-17,1,1,0,1,-0.5515953542220907,1.5515953542220908,12705.0
2022-04-01,MU-480-Combined,23107.71412161791,train,22223.0,21173.0,13532.0,14525.0,37007.0,18665.0,16410.0,28008.0,4154.652693065925,1398.3076923076924,1.532831390718888,0.8660254037844387,-0.4999999999999998,2,1,0,1,-0.4050929628075217,1.4050929628075215,12721.0
2022-05-01,MU-480-Combined,17528.100960973003,train,17660.0,22223.0,21173.0,13532.0,32380.0,9724.0,18976.0,25544.0,4743.7829840750455,1408.188811188811,1.190624162871685,0.4999999999999999,-0.8660254037844387,2,0,0,1,-0.0398107420968326,1.0398107420968326,13462.0
2022-06-01,MU-480-Combined,29120.0,train,19337.0,17660.0,22223.0,21173.0,49431.0,4334.0,20352.0,23090.666666666668,2389.722368811897,811.2797202797206,1.8161250514191687,1.2246467991473532e-16,-1.0,2,0,0,1,0.0074688017569081,0.992531198243092,15414.0
2022-07-01,MU-480-Combined,25550.0,train,19052.0,19337.0,17660.0,22223.0,14525.0,12431.0,19740.0,18075.0,2308.040077641622,-21.625874125873757,4.461698200276881,-0.4999999999999997,-0.8660254037844388,3,0,0,1,-0.5059212907896778,1.5059212907896775,14302.0
2022-08-01,MU-480-Combined,25373.33333333333,train,27538.0,19052.0,19337.0,17660.0,13532.0,11747.0,18683.0,18829.5,897.3310425923892,-602.3636363636358,1.53262006274636,-0.8660254037844384,-0.5000000000000004,3,0,0,1,-0.3410665546924207,1.3410665546924208,21016.0
2022-09-01,MU-480-Combined,25820.0,train,29801.0,27538.0,19052.0,19337.0,21173.0,17187.0,21975.666666666668,21163.83333333333,4819.229226062324,-934.108391608391,2.344258108453222,-1.0,-1.8369701987210294e-16,3,0,0,1,0.0786065315806038,0.9213934684193962,22331.0
2022-10-01,MU-480-Combined,23470.0,train,11396.0,29801.0,27538.0,19052.0,22223.0,37007.0,25463.666666666668,22601.83333333333,5666.779891025702,-1041.96853146853,1.7339268051434225,-0.8660254037844386,0.5000000000000001,4,0,0,1,0.1335861212710982,0.8664138787289017,8927.0
2022-11-01,MU-480-Combined,34925.0,train,19817.0,11396.0,29801.0,27538.0,17660.0,32380.0,22911.666666666668,20797.33333333333,10036.84344469581,-1045.0139860139857,0.3079417407517497,-0.5000000000000004,0.8660254037844384,4,0,1,1,-1.0594945594945595,2.0594945594945595,14526.0
2022-12-01,MU-480-Combined,28880.0,train,26007.0,19817.0,11396.0,29801.0,19337.0,49431.0,20338.0,21156.83333333333,9213.554525805985,-755.3951048951037,0.6120135886349598,-2.4492935982947064e-16,1.0,4,0,1,1,-0.762375738002725,1.762375738002725,16886.0
2023-01-01,MU-480-Combined,13690.0,train,12094.0,26007.0,19817.0,11396.0,19052.0,14525.0,19073.33333333333,22268.5,7333.83326326235,635.1993006993007,0.5261273290040662,0.4999999999999999,0.8660254037844387,1,0,0,2,-0.1104702580074595,1.1104702580074597,9067.0
2023-02-01,MU-480-Combined,14500.0,train,20405.0,12094.0,26007.0,19817.0,27538.0,13532.0,19306.0,21108.83333333333,6970.561885529743,67.84615384615381,0.8326333907056799,0.8660254037844386,0.5000000000000001,1,0,0,2,-0.131966264263271,1.131966264263271,15348.0
2023-03-01,MU-480-Combined,17870.0,train,25434.0,20405.0,12094.0,26007.0,29801.0,21173.0,19502.0,19920.0,7000.317778501199,-207.9895104895105,1.507907182973692,1.0,6.123233995736766e-17,1,1,0,2,0.2893898554275912,0.7106101445724087,17078.0
2023-04-01,MU-480-Combined,11845.0,train,12422.0,25434.0,20405.0,12094.0,11396.0,22223.0,19311.0,19192.166666666668,6736.952352510737,8.853146853147997,1.201246871014972,0.8660254037844387,-0.4999999999999998,2,1,0,2,0.2973971848706456,0.7026028151293544,8519.0
2023-05-01,MU-480-Combined,20335.0,train,11475.0,12422.0,25434.0,20405.0,19817.0,17660.0,19420.33333333333,19363.166666666668,6561.647074731563,-256.8356643356638,0.5589704360347388,0.4999999999999999,-0.8660254037844387,2,0,0,2,0.0464498470455643,0.9535501529544356,8488.0
2023-06-01,MU-480-Combined,12610.0,train,6672.0,11475.0,12422.0,25434.0,26007.0,19337.0,16443.666666666668,17972.833333333332,7800.2418124910255,-697.8181818181814,0.6497734994337486,1.2246467991473532e-16,-1.0,2,0,0,2,-0.7721132897603485,1.7721132897603489,4793.0
2023-07-01,MU-480-Combined,10505.0,train,6506.0,6672.0,11475.0,12422.0,12094.0,19052.0,10189.666666666666,14750.333333333334,3082.967131406579,-1204.0524475524478,0.34503801003258,-0.4999999999999997,-0.8660254037844388,3,0,0,2,-0.8899880095923262,1.889988009592326,4941.0
2023-08-01,MU-480-Combined,9820.0,train,7374.0,6506.0,6672.0,11475.0,20405.0,27538.0,8217.666666666666,13819.0,2822.1542008425617,-1641.05944055944,0.3414864581146336,-0.8660254037844384,-0.5000000000000004,3,0,0,2,-0.6146633876421764,1.6146633876421763,5806.0
2023-09-01,MU-480-Combined,10510.0,train,16358.0,7374.0,6506.0,6672.0,25434.0,29801.0,6850.666666666667,11647.166666666666,460.7573475630336,-1571.2202797202794,0.2677754375771661,-1.0,-1.8369701987210294e-16,3,0,0,2,-0.3317059940330892,1.331705994033089,12517.0
2023-10-01,MU-480-Combined,9030.0,train,6318.0,16358.0,7374.0,6506.0,12422.0,11396.0,10079.333333333334,10134.5,5454.777477893421,-911.9720279720284,0.5489077547733298,-0.8660254037844386,0.5000000000000001,4,0,0,2,0.3575009169825162,0.6424990830174838,4697.0
2023-11-01,MU-480-Combined,12970.0,train,8354.0,6318.0,16358.0,7374.0,11475.0,19817.0,10016.666666666666,9117.166666666666,5517.079420611353,-1381.461538461538,0.5544050544050544,-0.5000000000000004,0.8660254037844384,4,0,1,2,-0.4292497625830959,1.429249762583096,5858.0
2023-12-01,MU-480-Combined,11690.0,train,4688.0,8354.0,6318.0,16358.0,6672.0,26007.0,10343.333333333334,8597.0,5307.3991119316925,-1354.3601398601395,0.4215572488267649,-2.4492935982947064e-16,1.0,4,0,1,2,-0.5525496768015322,1.552549676801532,3317.0
2024-01-01,MU-480-Combined,17490.0,train,18876.0,4688.0,8354.0,6318.0,6506.0,12094.0,6453.333333333333,8266.333333333334,1836.7431321045729,-1106.7342657342656,0.1802591609951167,0.4999999999999999,0.8660254037844387,1,0,0,3,-1.4936006825938566,2.493600682593857,14439.0
2024-02-01,MU-480-Combined,17720.0,train,19197.0,18876.0,4688.0,8354.0,7374.0,20405.0,10639.333333333334,10328.0,7364.909865934092,-796.7412587412582,1.5607739374896643,0.8660254037844386,0.5000000000000001,1,0,0,3,0.0734265734265734,0.9265734265734266,14566.0
2024-03-01,MU-480-Combined,14305.0,train,22811.0,19197.0,18876.0,4688.0,16358.0,25434.0,14253.666666666666,12298.5,8285.664990411651,-144.05594405594343,0.9407988238176918,1.0,6.123233995736766e-17,1,1,0,3,0.0769391050685002,0.9230608949314996,14488.0
2024-04-01,MU-480-Combined,7770.0,train,6963.0,22811.0,19197.0,18876.0,6318.0,12422.0,20294.666666666668,13374.0,2185.111057436971,884.6678321678326,0.8968703310529212,0.8660254037844387,-0.4999999999999998,2,1,0,3,0.3728902722370786,0.6271097277629214,4430.0
2024-05-01,MU-480-Combined,23105.0,train,26798.0,6963.0,22811.0,19197.0,8354.0,11475.0,16323.666666666666,13481.5,8305.528841279965,730.741258741259,0.5605377555949123,0.4999999999999999,-0.8660254037844387,2,0,0,3,-0.1158983196897888,1.115898319689789,20369.0
2024-06-01,MU-480-Combined,30325.0,train,29886.0,26798.0,6963.0,22811.0,4688.0,6672.0,18857.33333333333,16555.5,10491.92147956385,1334.8286713286714,2.335337690631808,1.2246467991473532e-16,-1.0,2,0,0,3,0.1378087917008732,0.8621912082991268,22819.0
2024-07-01,MU-480-Combined,27443.22897717737,train,20448.0,29886.0,26798.0,6963.0,18876.0,6506.0,21215.666666666668,20755.166666666668,12439.365592076363,1732.2132867132866,4.47931654676259,-0.4999999999999997,-0.8660254037844388,3,0,0,3,-0.0146891521113564,1.0146891521113566,15358.0
2024-08-01,MU-480-Combined,30941.0,train,25204.0,20448.0,29886.0,26798.0,19197.0,7374.0,25710.666666666668,21017.166666666668,4812.035051133076,1596.7167832167831,3.1429449738702737,-0.8660254037844384,-0.5000000000000004,3,0,0,3,-0.3420984437195505,1.3420984437195504,19075.0
2024-09-01,MU-480-Combined,33413.0,train,28191.0,25204.0,20448.0,29886.0,22811.0,16358.0,25179.33333333333,22018.33333333333,4719.04835039156,1586.1013986013988,3.4179549769460267,-1.0,-1.8369701987210294e-16,3,0,0,3,-0.227622599587367,1.227622599587367,20821.0
2024-10-01,MU-480-Combined,24812.0,train,25452.0,28191.0,25204.0,20448.0,6963.0,6318.0,24614.33333333333,22915.0,3905.0342294701218,1974.0489510489508,1.723376940946326,-0.8660254037844386,0.5000000000000001,4,0,0,3,-0.1852364229718704,1.1852364229718704,18395.0
2024-11-01,MU-480-Combined,26742.0,train,27428.0,25452.0,28191.0,25204.0,26798.0,8354.0,26282.33333333333,25996.5,1657.598363094423,1717.5384615384614,4.028490028490029,-0.5000000000000004,0.8660254037844384,4,0,1,3,0.0251453716800251,0.9748546283199748,19753.0
2024-12-01,MU-480-Combined,28617.0,train,31491.0,27428.0,25452.0,28191.0,29886.0,4688.0,27023.666666666668,26101.5,1413.5573328780515,1495.7692307692307,3.283217620301652,-2.4492935982947064e-16,1.0,4,0,1,3,0.0250109377278693,0.9749890622721308,23617.0
2025-01-01,MU-480-Combined,21933.0,test,19114.0,31491.0,27428.0,25452.0,20448.0,18876.0,28123.666666666668,26369.0,3079.016780294208,1130.2482517482524,6.717363481228669,0.4999999999999999,0.8660254037844387,1,0,0,4,0.0912641707154425,0.9087358292845577,14950.0
2025-02-01,MU-480-Combined,21190.0,test,23305.0,19114.0,31491.0,27428.0,25204.0,19197.0,26011.0,26146.666666666668,6308.997463939891,746.1643356643355,1.0126086035176944,0.8660254037844386,0.5000000000000001,1,0,0,4,-0.1474835199330333,1.147483519933033,18094.0
2025-03-01,MU-480-Combined,27244.6829594795,test,22527.0,23305.0,19114.0,31491.0,28191.0,22811.0,24636.666666666668,25830.166666666668,6295.0404552578775,536.1993006993008,1.213991769547325,1.0,6.123233995736766e-17,1,1,0,4,0.0907530572838446,0.9092469427161554,13824.0
2025-04-01,MU-480-Combined,17571.95188957417,test,19808.0,22527.0,23305.0,19114.0,25452.0,6963.0,21648.666666666668,24886.166666666668,2229.2874048299177,431.85664335664336,0.987549866292578,0.8660254037844387,-0.4999999999999998,2,1,0,4,-0.2094234900110756,1.2094234900110756,12218.0
2025-05-01,MU-480-Combined,26734.34851023008,test,23636.0,19808.0,22527.0,23305.0,27428.0,26798.0,21880.0,23945.5,1836.0852376727976,-495.4405594405605,2.84475082579348,0.4999999999999999,-0.8660254037844387,2,0,0,4,0.112886112198396,0.8871138878016039,18512.0
2025-06-01,MU-480-Combined,29432.0,test,26088.0,23636.0,19808.0,22527.0,31491.0,29886.0,21990.33333333333,23313.5,1969.6203525891249,-463.7412587412581,0.882006119859691,1.2246467991473532e-16,-1.0,2,0,0,4,-0.1310859921403823,1.1310859921403824,19566.0
2025-07-01,MU-480-Combined,27262.0,test,23320.0,26088.0,23636.0,19808.0,19114.0,20448.0,23177.33333333333,22413.0,3165.024697112696,-175.25874125874108,0.8729170849227063,-0.4999999999999997,-0.8660254037844388,3,0,0,4,-0.1281815394050904,1.1281815394050905,18152.0
2025-08-01,MU-480-Combined,29342.0,test,27749.0,23320.0,26088.0,23636.0,23305.0,25204.0,24348.0,23114.0,1515.1448775612118,-395.678321678322,1.140453834115806,-0.8660254037844384,-0.5000000000000004,3,0,0,4,-0.1690394511149228,1.169039451114923,20567.0
2025-09-01,MU-480-Combined,29052.0,test,28110.0,27749.0,23320.0,26088.0,22527.0,28191.0,25719.0,23854.666666666668,2237.438490774658,-249.653846153846,1.1009760355499127,-1.0,-1.8369701987210294e-16,3,0,0,4,-0.0574074741432123,1.0574074741432125,21047.0
2025-10-01,MU-480-Combined,25782.0,test,25147.0,28110.0,27749.0,23320.0,19808.0,25452.0,26393.0,24785.166666666668,2667.4101671846383,28.230769230769056,0.9971267425774184,-0.8660254037844386,0.5000000000000001,4,0,0,4,-0.0335112059765208,1.0335112059765208,18086.0
2025-11-01,MU-480-Combined,28492.0,test,31265.0,25147.0,28110.0,27749.0,23636.0,27428.0,27002.0,25675.0,1616.5855993420143,68.22027972027948,0.988016658808738,-0.5000000000000004,0.8660254037844384,4,0,1,4,-0.0252515210561896,1.0252515210561897,22963.0
2025-12-01,MU-480-Combined,30022.0,test,34846.0,31265.0,25147.0,28110.0,26088.0,31491.0,28174.0,26946.5,3059.50208367309,435.468531468532,1.1398935394487386,-2.4492935982947064e-16,1.0,4,0,1,4,0.0886934271549656,0.9113065728450344,25093.0
